{
  "times_hours": [
    1,
    2,
    3,
    4,
    5
  ],
  "D10-W15": {
    "x_m": 0.015,
    "z_m": 0.01,
    "temperature_series": [
      2.2518807694015095,
      7.432725077492137,
      11.350300294905594,
      14.750074300335314,
      17.703290295036766
    ]
  },
  "D10-W30": {
    "x_m": 0.03,
    "z_m": 0.01,
    "temperature_series": [
      -0.6645317794842072,
      0.2238419403930152,
      4.342615235118046,
      8.03944799819675,
      11.128376956392174
    ]
  },
  "D10-W45": {
    "x_m": 0.045,
    "z_m": 0.01,
    "temperature_series": [
      -0.7719409108860305,
      -0.5477760572730404,
      1.1494729145431393,
      4.971926956183779,
      8.066869582786694
    ]
  },
  "D10-W60": {
    "x_m": 0.06,
    "z_m": 0.01,
    "temperature_series": [
      -0.8828448147335735,
      -0.7506964019354427,
      -0.5961471992321776,
      -0.2819323620211662,
      2.384060610447648
    ]
  },
  "D10-W75": {
    "x_m": 0.075,
    "z_m": 0.01,
    "temperature_series": [
      -0.9165205248824577,
      -0.8070385318879971,
      -0.6887702452794429,
      -0.5372771156943941,
      -0.08490218540259775
    ]
  },
  "D10-W90": {
    "x_m": 0.09,
    "z_m": 0.01,
    "temperature_series": [
      -0.9590529112665536,
      -0.8829671817333065,
      -0.8022115863660133,
      -0.7120717217355832,
      -0.6050421429632706
    ]
  },
  "D10-W120": {
    "x_m": 0.12,
    "z_m": 0.01,
    "temperature_series": [
      -0.9876966462621795,
      -0.9457152618410873,
      -0.8949745607108639,
      -0.8393878326530739,
      -0.7787526191973484
    ]
  },
  "D50-W15": {
    "x_m": 0.015,
    "z_m": 0.05,
    "temperature_series": [
      2.251880766843499,
      7.432737986664904,
      11.351413168495583,
      14.762423457120349,
      17.75356895696001
    ]
  },
  "D50-W30": {
    "x_m": 0.03,
    "z_m": 0.05,
    "temperature_series": [
      -0.6645317411894212,
      0.22384485768282048,
      4.343358051280006,
      8.049292010588772,
      11.172756074818437
    ]
  },
  "D50-W45": {
    "x_m": 0.045,
    "z_m": 0.05,
    "temperature_series": [
      -0.7719407773693661,
      -0.547769064543786,
      1.1499367749181033,
      4.979257240361733,
      8.104642273569993
    ]
  },
  "D50-W60": {
    "x_m": 0.06,
    "z_m": 0.05,
    "temperature_series": [
      -0.8828442190486498,
      -0.7506538464009509,
      -0.5960415288871559,
      -0.2812322663652367,
      2.4031316304914867
    ]
  },
  "D50-W75": {
    "x_m": 0.075,
    "z_m": 0.05,
    "temperature_series": [
      -0.9165195544620133,
      -0.8069679386524058,
      -0.6885619934751048,
      -0.5370237902042732,
      -0.08000867518245514
    ]
  },
  "D50-W90": {
    "x_m": 0.09,
    "z_m": 0.05,
    "temperature_series": [
      -0.9590510041970788,
      -0.8828238028735882,
      -0.8017405655359653,
      -0.7113776498409266,
      -0.6042496446067958
    ]
  },
  "D50-W120": {
    "x_m": 0.12,
    "z_m": 0.05,
    "temperature_series": [
      -0.9876933659402312,
      -0.9454422745324678,
      -0.8940099720067565,
      -0.8377876723376403,
      -0.7767885339598593
    ]
  },
  "D90-W15": {
    "x_m": 0.015,
    "z_m": 0.09,
    "temperature_series": [
      2.2518807259829714,
      7.432978885049977,
      11.360794210837525,
      14.832528842500778,
      17.96472992506216
    ]
  },
  "D90-W30": {
    "x_m": 0.03,
    "z_m": 0.09,
    "temperature_series": [
      -0.6645303542950387,
      0.2238850949907487,
      4.3497182996314905,
      8.108524432376612,
      11.361847024069505
    ]
  },
  "D90-W45": {
    "x_m": 0.045,
    "z_m": 0.09,
    "temperature_series": [
      -0.7719366669351189,
      -0.5477165496136536,
      1.1539766046485624,
      5.025090534412129,
      8.267749981464249
    ]
  },
  "D90-W60": {
    "x_m": 0.06,
    "z_m": 0.09,
    "temperature_series": [
      -0.8828292784760947,
      -0.7503770269099164,
      -0.5955928782073556,
      -0.2765017909158587,
      2.4899845109625858
    ]
  },
  "D90-W75": {
    "x_m": 0.075,
    "z_m": 0.09,
    "temperature_series": [
      -0.9164968727774863,
      -0.8065318795909775,
      -0.6876878089871639,
      -0.5365742353702672,
      -0.055913953244896675
    ]
  },
  "D90-W90": {
    "x_m": 0.09,
    "z_m": 0.09,
    "temperature_series": [
      -0.9590107392164668,
      -0.882005618525568,
      -0.7998756809732868,
      -0.7089656647354445,
      -0.6023043276003932
    ]
  },
  "D90-W120": {
    "x_m": 0.12,
    "z_m": 0.09,
    "temperature_series": [
      -0.9876299205344026,
      -0.944001841044269,
      -0.8904109181175386,
      -0.832549702274548,
      -0.770672812130158
    ]
  },
  "D170-W15": {
    "x_m": 0.015,
    "z_m": 0.17,
    "temperature_series": [
      2.2519690336953886,
      7.486966551290436,
      11.864810096753956,
      16.325331847326026,
      20.54605567920487
    ]
  },
  "D170-W30": {
    "x_m": 0.03,
    "z_m": 0.17,
    "temperature_series": [
      -0.664081620537786,
      0.23205892673297512,
      4.746250894837033,
      9.431284073178233,
      13.876191374625535
    ]
  },
  "D170-W45": {
    "x_m": 0.045,
    "z_m": 0.17,
    "temperature_series": [
      -0.7709336470612698,
      -0.5462792794726852,
      1.4059599666316558,
      6.121211061320139,
      10.619865839009265
    ]
  },
  "D170-W60": {
    "x_m": 0.06,
    "z_m": 0.17,
    "temperature_series": [
      -0.8803094875073043,
      -0.7436380581296476,
      -0.5930804633658227,
      -0.06427648348568482,
      4.1644465906679216
    ]
  },
  "D170-W75": {
    "x_m": 0.075,
    "z_m": 0.17,
    "temperature_series": [
      -0.9131361682999,
      -0.7964639401055251,
      -0.6765886321460357,
      -0.5295197749652516,
      0.8447671310471492
    ]
  },
  "D170-W90": {
    "x_m": 0.09,
    "z_m": 0.17,
    "temperature_series": [
      -0.9540638629609361,
      -0.865261555341533,
      -0.7769249144112109,
      -0.6841591548413817,
      -0.5692425781774659
    ]
  },
  "D170-W120": {
    "x_m": 0.12,
    "z_m": 0.17,
    "temperature_series": [
      -0.9809949652707246,
      -0.918495849987039,
      -0.8506770759063329,
      -0.7829008754413849,
      -0.7118096272689058
    ]
  },
  "D250-W15": {
    "x_m": 0.015,
    "z_m": 0.25,
    "temperature_series": [
      2.7477001456443304,
      11.944345310640642,
      19.899910607042557,
      26.280238049642833,
      31.527239649840965
    ]
  },
  "D250-W30": {
    "x_m": 0.03,
    "z_m": 0.25,
    "temperature_series": [
      -0.6595418901198968,
      4.338991039321797,
      13.286357047885701,
      20.247596017111505,
      25.903477668295352
    ]
  },
  "D250-W45": {
    "x_m": 0.045,
    "z_m": 0.25,
    "temperature_series": [
      -0.7261302643739214,
      0.028130628544431602,
      10.141792928721827,
      17.410352899839665,
      23.258029245064904
    ]
  },
  "D250-W60": {
    "x_m": 0.06,
    "z_m": 0.25,
    "temperature_series": [
      -0.7908480358007637,
      -0.6193241354125689,
      4.440327315965703,
      12.188053799850366,
      18.356019000690026
    ]
  },
  "D250-W75": {
    "x_m": 0.075,
    "z_m": 0.25,
    "temperature_series": [
      -0.8066327591843105,
      -0.650879536353898,
      2.0004843667676937,
      9.88202081523508,
      16.13306132575042
    ]
  },
  "D250-W90": {
    "x_m": 0.09,
    "z_m": 0.25,
    "temperature_series": [
      -0.8242678297875727,
      -0.657211954975196,
      -0.19581629900920916,
      6.134061762816316,
      12.264244791657063
    ]
  },
  "D250-W120": {
    "x_m": 0.12,
    "z_m": 0.25,
    "temperature_series": [
      -0.8340223375075198,
      -0.663738879754419,
      -0.41871900318864164,
      3.277295587943854,
      8.239123373766404
    ]
  },
  "D290-W15": {
    "x_m": 0.015,
    "z_m": 0.29,
    "temperature_series": [
      11.322562083751052,
      22.26461792365069,
      29.973303262509376,
      35.897990174431186,
      40.68279829832261
    ]
  },